--
-- PostgreSQL database dump
--

-- Dumped from database version 16.9 (Postgres.app)
-- Dumped by pg_dump version 16.9 (Postgres.app)

SET statement_timeout = 0;
SET lock_timeout = 0;
SET idle_in_transaction_session_timeout = 0;
SET client_encoding = 'UTF8';
SET standard_conforming_strings = on;
SELECT pg_catalog.set_config('search_path', '', false);
SET check_function_bodies = false;
SET xmloption = content;
SET client_min_messages = warning;
SET row_security = off;

SET default_tablespace = '';

SET default_table_access_method = heap;

--
-- Name: auth_group; Type: TABLE; Schema: public; Owner: emmanuelramos
--

CREATE TABLE public.auth_group (
    id integer NOT NULL,
    name character varying(150) NOT NULL
);


ALTER TABLE public.auth_group OWNER TO emmanuelramos;

--
-- Name: auth_group_id_seq; Type: SEQUENCE; Schema: public; Owner: emmanuelramos
--

ALTER TABLE public.auth_group ALTER COLUMN id ADD GENERATED BY DEFAULT AS IDENTITY (
    SEQUENCE NAME public.auth_group_id_seq
    START WITH 1
    INCREMENT BY 1
    NO MINVALUE
    NO MAXVALUE
    CACHE 1
);


--
-- Name: auth_group_permissions; Type: TABLE; Schema: public; Owner: emmanuelramos
--

CREATE TABLE public.auth_group_permissions (
    id bigint NOT NULL,
    group_id integer NOT NULL,
    permission_id integer NOT NULL
);


ALTER TABLE public.auth_group_permissions OWNER TO emmanuelramos;

--
-- Name: auth_group_permissions_id_seq; Type: SEQUENCE; Schema: public; Owner: emmanuelramos
--

ALTER TABLE public.auth_group_permissions ALTER COLUMN id ADD GENERATED BY DEFAULT AS IDENTITY (
    SEQUENCE NAME public.auth_group_permissions_id_seq
    START WITH 1
    INCREMENT BY 1
    NO MINVALUE
    NO MAXVALUE
    CACHE 1
);


--
-- Name: auth_permission; Type: TABLE; Schema: public; Owner: emmanuelramos
--

CREATE TABLE public.auth_permission (
    id integer NOT NULL,
    name character varying(255) NOT NULL,
    content_type_id integer NOT NULL,
    codename character varying(100) NOT NULL
);


ALTER TABLE public.auth_permission OWNER TO emmanuelramos;

--
-- Name: auth_permission_id_seq; Type: SEQUENCE; Schema: public; Owner: emmanuelramos
--

ALTER TABLE public.auth_permission ALTER COLUMN id ADD GENERATED BY DEFAULT AS IDENTITY (
    SEQUENCE NAME public.auth_permission_id_seq
    START WITH 1
    INCREMENT BY 1
    NO MINVALUE
    NO MAXVALUE
    CACHE 1
);


--
-- Name: core_customuser; Type: TABLE; Schema: public; Owner: emmanuelramos
--

CREATE TABLE public.core_customuser (
    last_login timestamp with time zone,
    is_superuser boolean NOT NULL,
    id_user integer NOT NULL,
    name character varying(255),
    surname character varying(255),
    email character varying(254) NOT NULL,
    password character varying(128) NOT NULL,
    role character varying(50) NOT NULL,
    date_joined timestamp with time zone NOT NULL,
    is_active boolean NOT NULL,
    is_staff boolean NOT NULL,
    is_admin boolean NOT NULL,
    is_patient boolean NOT NULL
);


ALTER TABLE public.core_customuser OWNER TO emmanuelramos;

--
-- Name: core_customuser_groups; Type: TABLE; Schema: public; Owner: emmanuelramos
--

CREATE TABLE public.core_customuser_groups (
    id bigint NOT NULL,
    customuser_id integer NOT NULL,
    group_id integer NOT NULL
);


ALTER TABLE public.core_customuser_groups OWNER TO emmanuelramos;

--
-- Name: core_customuser_groups_id_seq; Type: SEQUENCE; Schema: public; Owner: emmanuelramos
--

ALTER TABLE public.core_customuser_groups ALTER COLUMN id ADD GENERATED BY DEFAULT AS IDENTITY (
    SEQUENCE NAME public.core_customuser_groups_id_seq
    START WITH 1
    INCREMENT BY 1
    NO MINVALUE
    NO MAXVALUE
    CACHE 1
);


--
-- Name: core_customuser_id_user_seq; Type: SEQUENCE; Schema: public; Owner: emmanuelramos
--

ALTER TABLE public.core_customuser ALTER COLUMN id_user ADD GENERATED BY DEFAULT AS IDENTITY (
    SEQUENCE NAME public.core_customuser_id_user_seq
    START WITH 1
    INCREMENT BY 1
    NO MINVALUE
    NO MAXVALUE
    CACHE 1
);


--
-- Name: core_customuser_user_permissions; Type: TABLE; Schema: public; Owner: emmanuelramos
--

CREATE TABLE public.core_customuser_user_permissions (
    id bigint NOT NULL,
    customuser_id integer NOT NULL,
    permission_id integer NOT NULL
);


ALTER TABLE public.core_customuser_user_permissions OWNER TO emmanuelramos;

--
-- Name: core_customuser_user_permissions_id_seq; Type: SEQUENCE; Schema: public; Owner: emmanuelramos
--

ALTER TABLE public.core_customuser_user_permissions ALTER COLUMN id ADD GENERATED BY DEFAULT AS IDENTITY (
    SEQUENCE NAME public.core_customuser_user_permissions_id_seq
    START WITH 1
    INCREMENT BY 1
    NO MINVALUE
    NO MAXVALUE
    CACHE 1
);


--
-- Name: django_admin_log; Type: TABLE; Schema: public; Owner: emmanuelramos
--

CREATE TABLE public.django_admin_log (
    id integer NOT NULL,
    action_time timestamp with time zone NOT NULL,
    object_id text,
    object_repr character varying(200) NOT NULL,
    action_flag smallint NOT NULL,
    change_message text NOT NULL,
    content_type_id integer,
    user_id integer NOT NULL,
    CONSTRAINT django_admin_log_action_flag_check CHECK ((action_flag >= 0))
);


ALTER TABLE public.django_admin_log OWNER TO emmanuelramos;

--
-- Name: django_admin_log_id_seq; Type: SEQUENCE; Schema: public; Owner: emmanuelramos
--

ALTER TABLE public.django_admin_log ALTER COLUMN id ADD GENERATED BY DEFAULT AS IDENTITY (
    SEQUENCE NAME public.django_admin_log_id_seq
    START WITH 1
    INCREMENT BY 1
    NO MINVALUE
    NO MAXVALUE
    CACHE 1
);


--
-- Name: django_content_type; Type: TABLE; Schema: public; Owner: emmanuelramos
--

CREATE TABLE public.django_content_type (
    id integer NOT NULL,
    app_label character varying(100) NOT NULL,
    model character varying(100) NOT NULL
);


ALTER TABLE public.django_content_type OWNER TO emmanuelramos;

--
-- Name: django_content_type_id_seq; Type: SEQUENCE; Schema: public; Owner: emmanuelramos
--

ALTER TABLE public.django_content_type ALTER COLUMN id ADD GENERATED BY DEFAULT AS IDENTITY (
    SEQUENCE NAME public.django_content_type_id_seq
    START WITH 1
    INCREMENT BY 1
    NO MINVALUE
    NO MAXVALUE
    CACHE 1
);


--
-- Name: django_migrations; Type: TABLE; Schema: public; Owner: emmanuelramos
--

CREATE TABLE public.django_migrations (
    id bigint NOT NULL,
    app character varying(255) NOT NULL,
    name character varying(255) NOT NULL,
    applied timestamp with time zone NOT NULL
);


ALTER TABLE public.django_migrations OWNER TO emmanuelramos;

--
-- Name: django_migrations_id_seq; Type: SEQUENCE; Schema: public; Owner: emmanuelramos
--

ALTER TABLE public.django_migrations ALTER COLUMN id ADD GENERATED BY DEFAULT AS IDENTITY (
    SEQUENCE NAME public.django_migrations_id_seq
    START WITH 1
    INCREMENT BY 1
    NO MINVALUE
    NO MAXVALUE
    CACHE 1
);


--
-- Name: django_session; Type: TABLE; Schema: public; Owner: emmanuelramos
--

CREATE TABLE public.django_session (
    session_key character varying(40) NOT NULL,
    session_data text NOT NULL,
    expire_date timestamp with time zone NOT NULL
);


ALTER TABLE public.django_session OWNER TO emmanuelramos;

--
-- Name: hospital_department; Type: TABLE; Schema: public; Owner: emmanuelramos
--

CREATE TABLE public.hospital_department (
    department_id integer NOT NULL,
    name character varying(100) NOT NULL,
    description text
);


ALTER TABLE public.hospital_department OWNER TO emmanuelramos;

--
-- Name: hospital_department_department_id_seq; Type: SEQUENCE; Schema: public; Owner: emmanuelramos
--

ALTER TABLE public.hospital_department ALTER COLUMN department_id ADD GENERATED BY DEFAULT AS IDENTITY (
    SEQUENCE NAME public.hospital_department_department_id_seq
    START WITH 1
    INCREMENT BY 1
    NO MINVALUE
    NO MAXVALUE
    CACHE 1
);


--
-- Name: hospital_doctor; Type: TABLE; Schema: public; Owner: emmanuelramos
--

CREATE TABLE public.hospital_doctor (
    doctor_id integer NOT NULL,
    profile_picture character varying(100),
    department_id integer NOT NULL,
    user_id integer NOT NULL,
    specialization_id integer NOT NULL
);


ALTER TABLE public.hospital_doctor OWNER TO emmanuelramos;

--
-- Name: hospital_doctor_doctor_id_seq; Type: SEQUENCE; Schema: public; Owner: emmanuelramos
--

ALTER TABLE public.hospital_doctor ALTER COLUMN doctor_id ADD GENERATED BY DEFAULT AS IDENTITY (
    SEQUENCE NAME public.hospital_doctor_doctor_id_seq
    START WITH 1
    INCREMENT BY 1
    NO MINVALUE
    NO MAXVALUE
    CACHE 1
);


--
-- Name: hospital_hospital; Type: TABLE; Schema: public; Owner: emmanuelramos
--

CREATE TABLE public.hospital_hospital (
    hospital_id integer NOT NULL,
    name character varying(255) NOT NULL,
    location character varying(100) NOT NULL,
    active_staff integer NOT NULL,
    patient_capacity integer NOT NULL
);


ALTER TABLE public.hospital_hospital OWNER TO emmanuelramos;

--
-- Name: hospital_hospital_hospital_id_seq; Type: SEQUENCE; Schema: public; Owner: emmanuelramos
--

ALTER TABLE public.hospital_hospital ALTER COLUMN hospital_id ADD GENERATED BY DEFAULT AS IDENTITY (
    SEQUENCE NAME public.hospital_hospital_hospital_id_seq
    START WITH 1
    INCREMENT BY 1
    NO MINVALUE
    NO MAXVALUE
    CACHE 1
);


--
-- Name: hospital_hospital_services; Type: TABLE; Schema: public; Owner: emmanuelramos
--

CREATE TABLE public.hospital_hospital_services (
    id bigint NOT NULL,
    hospital_id integer NOT NULL,
    service_id integer NOT NULL
);


ALTER TABLE public.hospital_hospital_services OWNER TO emmanuelramos;

--
-- Name: hospital_hospital_services_id_seq; Type: SEQUENCE; Schema: public; Owner: emmanuelramos
--

ALTER TABLE public.hospital_hospital_services ALTER COLUMN id ADD GENERATED BY DEFAULT AS IDENTITY (
    SEQUENCE NAME public.hospital_hospital_services_id_seq
    START WITH 1
    INCREMENT BY 1
    NO MINVALUE
    NO MAXVALUE
    CACHE 1
);


--
-- Name: hospital_service; Type: TABLE; Schema: public; Owner: emmanuelramos
--

CREATE TABLE public.hospital_service (
    service_id integer NOT NULL,
    name character varying(100) NOT NULL,
    description text,
    technologies character varying(255)
);


ALTER TABLE public.hospital_service OWNER TO emmanuelramos;

--
-- Name: hospital_service_service_id_seq; Type: SEQUENCE; Schema: public; Owner: emmanuelramos
--

ALTER TABLE public.hospital_service ALTER COLUMN service_id ADD GENERATED BY DEFAULT AS IDENTITY (
    SEQUENCE NAME public.hospital_service_service_id_seq
    START WITH 1
    INCREMENT BY 1
    NO MINVALUE
    NO MAXVALUE
    CACHE 1
);


--
-- Name: hospital_specialization; Type: TABLE; Schema: public; Owner: emmanuelramos
--

CREATE TABLE public.hospital_specialization (
    specialization_id integer NOT NULL,
    name character varying(100) NOT NULL,
    description text
);


ALTER TABLE public.hospital_specialization OWNER TO emmanuelramos;

--
-- Name: hospital_specialization_specialization_id_seq; Type: SEQUENCE; Schema: public; Owner: emmanuelramos
--

ALTER TABLE public.hospital_specialization ALTER COLUMN specialization_id ADD GENERATED BY DEFAULT AS IDENTITY (
    SEQUENCE NAME public.hospital_specialization_specialization_id_seq
    START WITH 1
    INCREMENT BY 1
    NO MINVALUE
    NO MAXVALUE
    CACHE 1
);


--
-- Name: patient_management_patient; Type: TABLE; Schema: public; Owner: emmanuelramos
--

CREATE TABLE public.patient_management_patient (
    patient_id integer NOT NULL,
    age integer NOT NULL,
    profile_picture character varying(100),
    patient_info text,
    patient_medications text,
    patient_surgeries text,
    patient_social_history text,
    department_id integer NOT NULL,
    user_id integer NOT NULL
);


ALTER TABLE public.patient_management_patient OWNER TO emmanuelramos;

--
-- Name: patient_management_patient_patient_id_seq; Type: SEQUENCE; Schema: public; Owner: emmanuelramos
--

ALTER TABLE public.patient_management_patient ALTER COLUMN patient_id ADD GENERATED BY DEFAULT AS IDENTITY (
    SEQUENCE NAME public.patient_management_patient_patient_id_seq
    START WITH 1
    INCREMENT BY 1
    NO MINVALUE
    NO MAXVALUE
    CACHE 1
);


--
-- Data for Name: auth_group; Type: TABLE DATA; Schema: public; Owner: emmanuelramos
--

COPY public.auth_group (id, name) FROM stdin;
\.


--
-- Data for Name: auth_group_permissions; Type: TABLE DATA; Schema: public; Owner: emmanuelramos
--

COPY public.auth_group_permissions (id, group_id, permission_id) FROM stdin;
\.


--
-- Data for Name: auth_permission; Type: TABLE DATA; Schema: public; Owner: emmanuelramos
--

COPY public.auth_permission (id, name, content_type_id, codename) FROM stdin;
1	Can add log entry	1	add_logentry
2	Can change log entry	1	change_logentry
3	Can delete log entry	1	delete_logentry
4	Can view log entry	1	view_logentry
5	Can add permission	2	add_permission
6	Can change permission	2	change_permission
7	Can delete permission	2	delete_permission
8	Can view permission	2	view_permission
9	Can add group	3	add_group
10	Can change group	3	change_group
11	Can delete group	3	delete_group
12	Can view group	3	view_group
13	Can add content type	4	add_contenttype
14	Can change content type	4	change_contenttype
15	Can delete content type	4	delete_contenttype
16	Can view content type	4	view_contenttype
17	Can add session	5	add_session
18	Can change session	5	change_session
19	Can delete session	5	delete_session
20	Can view session	5	view_session
21	Can add custom user	6	add_customuser
22	Can change custom user	6	change_customuser
23	Can delete custom user	6	delete_customuser
24	Can view custom user	6	view_customuser
25	Can add service	7	add_service
26	Can change service	7	change_service
27	Can delete service	7	delete_service
28	Can view service	7	view_service
29	Can add doctor	8	add_doctor
30	Can change doctor	8	change_doctor
31	Can delete doctor	8	delete_doctor
32	Can view doctor	8	view_doctor
33	Can add department	9	add_department
34	Can change department	9	change_department
35	Can delete department	9	delete_department
36	Can view department	9	view_department
37	Can add specialization	10	add_specialization
38	Can change specialization	10	change_specialization
39	Can delete specialization	10	delete_specialization
40	Can view specialization	10	view_specialization
41	Can add hospital	11	add_hospital
42	Can change hospital	11	change_hospital
43	Can delete hospital	11	delete_hospital
44	Can view hospital	11	view_hospital
45	Can add patient	12	add_patient
46	Can change patient	12	change_patient
47	Can delete patient	12	delete_patient
48	Can view patient	12	view_patient
\.


--
-- Data for Name: core_customuser; Type: TABLE DATA; Schema: public; Owner: emmanuelramos
--

COPY public.core_customuser (last_login, is_superuser, id_user, name, surname, email, password, role, date_joined, is_active, is_staff, is_admin, is_patient) FROM stdin;
\N	f	18	Robert	Taylor	robert.taylor@hospital.com	pbkdf2_sha256$1000000$PKv096zEm3oW12xlzVLry4$rTH3rZaMf2LWYzqz3hDRlKYHTqf28zb81+LWFC8u08A=	staff	2025-07-17 17:51:51.158437+00	t	t	f	f
\N	f	4	Bob	Brown	bob@example.com	pbkdf2_sha256$1000000$mAdqOYwuqThco4XpOB62OK$ZOaznwuDZjyRT6/E/f11y4WDViwy8pgSOdrUw4bIY2U=	user	2025-07-12 12:53:30.733401+00	t	f	f	f
\N	f	5	Carol	Jones	carol@example.com	pbkdf2_sha256$1000000$HCGouTwuUAJfjdem3KQ6kp$0P1/cO/2aomr0CLCLWHZXJfejDZ3OPElX2p8k/WL6g8=	user	2025-07-12 12:53:31.261527+00	t	f	f	f
\N	f	6	David	Lee	david@example.com	pbkdf2_sha256$1000000$uWETixHasxso5RmfbJxmOd$kn5hzmeTRUwo9c38JVsTwfjItJ2THnQoGCl1RybnDEk=	user	2025-07-12 12:53:31.746417+00	t	f	f	f
\N	f	7	Eve	White	eve@example.com	pbkdf2_sha256$1000000$JkB433MR7xYUUu9OrnjDXo$A7izHbh270HaKYjWmIRgAIRWl5uwCW0ioYHI73iq8sQ=	user	2025-07-12 12:53:32.242704+00	t	f	f	f
\N	f	3	Alice	Smith	alice@example.com	pbkdf2_sha256$1000000$WOGjHAM8PwKMzVfThgS3x8$Gf64K3cmdp0iSoCjwj99Nhy/KBWBv+KcSl5GO4xjPyU=	user	2025-07-12 12:53:30+00	t	t	f	f
\N	f	19	Laura	Martin	laura.martin@hospital.com	pbkdf2_sha256$1000000$w1B3VMXc35DxvophR0k2v6$4Wvl5vwFVEJMzBIiC3p+eQMvjLLsVky0Dx3vyJQRFV4=	staff	2025-07-17 17:51:51.773893+00	t	t	f	f
\N	f	20	James	White	james.white@hospital.com	pbkdf2_sha256$1000000$F5MpKdocQiakKzYHZUfTlV$DOzUj4VK9z91kx70Z3Cf/tTPO6iQbTiLMjURpZ3njYE=	staff	2025-07-17 17:51:52.427023+00	t	t	f	f
\N	f	21	Amanda	Lee	amanda.lee@hospital.com	pbkdf2_sha256$1000000$GedSdomPbihjBNzmWQHWMQ$rqvMMN6uO6676azKX2yQFxTnq4y2OJbTqeZBi5KAl+k=	staff	2025-07-17 17:51:53.035446+00	t	t	f	f
\N	f	22	Thomas	Moore	thomas.moore@hospital.com	pbkdf2_sha256$1000000$vKGYLmYHIoPlmgsBsVZesf$m4oH/HHdIhj4eify3k+DnuK9HJdne4wb4VEB8PbIwB8=	staff	2025-07-17 17:51:53.625999+00	t	t	f	f
\N	f	11	Ken	Jameson	doctor1@example.com	pbkdf2_sha256$1000000$hjJRKl8eqiUAEfajuZF2XH$mcsVTynYFBtWDsq8hma0aeocqmLFwCIDU95nJuLARLU=	staff	2025-07-17 16:43:34+00	t	t	f	f
2025-07-14 11:51:45.778781+00	f	8	Anotha	Banga	anotha@doclogic.com	pbkdf2_sha256$1000000$hqAiN8qohq7YagIN7kCZRi$9bBVThNdJuMAnttThXPMLDH0kRsFcpJyX512waozcs8=	user	2025-07-14 11:51:45.126322+00	t	f	f	f
\N	f	23	Alice	Martin	alice.martin@patients.com	pbkdf2_sha256$1000000$x89oFscrbBVAfG6xt0Cua3$Dob49nmfTMr8jinnW8V+nH+McrQqetFdIuFby+PLhqA=	patient	2025-07-19 13:46:12.734053+00	t	f	f	t
\N	f	24	Benjamin	Ross	benjamin.ross@patients.com	pbkdf2_sha256$1000000$MJDJPJiBgFbvmAg8GaWlTE$unAQFLtCfODgM3cEtSZJmKzwDszzwdiykzZhp8Jk/ZM=	patient	2025-07-19 13:46:13.257941+00	t	f	f	t
\N	f	25	Carla	Garcia	carla.garcia@patients.com	pbkdf2_sha256$1000000$xj4GURYB8WaFjZfrfsbfEK$+sh3aV5hgw35upIiMMr1cutK3jl6IAsdiKRudj+eHIk=	patient	2025-07-19 13:46:13.775049+00	t	f	f	t
\N	f	26	Daniel	Kim	daniel.kim@patients.com	pbkdf2_sha256$1000000$0Fv0KdyL2tosBot2chDGYY$RW6tyqND96t3X5CLNoVAkZ5lJ+5Ent3ynZa8r5lXkXM=	patient	2025-07-19 13:46:14.317389+00	t	f	f	t
\N	f	27	Emma	Dupont	emma.dupont@patients.com	pbkdf2_sha256$1000000$vOiNqt8L9gATbuNHxbAj0a$asyELu/nDDRYWQ7ZATjMiTDyBM+C4rs13lQr8M/zP/A=	patient	2025-07-19 13:46:14.837282+00	t	f	f	t
\N	f	28	Frank	Nguyen	frank.nguyen@patients.com	pbkdf2_sha256$1000000$9fEXAu3XtnC01PsXpLo1Pk$nHnMLyZMlUxDbmLTcJEcFf6EpEKukio7eCdoY3u2M7M=	patient	2025-07-19 13:46:15.339052+00	t	f	f	t
\N	f	29	Grace	Lee	grace.lee@patients.com	pbkdf2_sha256$1000000$jKP54Aquzhkt4cH2xK1Wai$lxd0djvbwBu6ChHddKunL+Nya+RXuoSHjPryeBC10ks=	patient	2025-07-19 13:46:15.841204+00	t	f	f	t
\N	f	30	Henry	Schmidt	henry.schmidt@patients.com	pbkdf2_sha256$1000000$mnKtB6JDyI17aVnuwkSbP4$nqgCyW+wqP0H+1QMgINFNroH053M7tIwKMCGn/mNdhc=	patient	2025-07-19 13:46:16.339076+00	t	f	f	t
\N	f	31	Isabelle	Moreau	isabelle.moreau@patients.com	pbkdf2_sha256$1000000$pqIcXdwmGaq6uSpKifpln8$zawRAE3giunFr6eaFHxfivmQvEcOdP43xQSp9yIUYRE=	patient	2025-07-19 13:46:16.843702+00	t	f	f	t
2025-11-15 14:03:10.04553+00	t	2	SuperDoctor	\N	superdoctor@doclogic.com	pbkdf2_sha256$1000000$ZyyKHb8wc3ZcCZwppCKgUA$JxEwIVn1cIwTdk5Ts68k1eJpxv66LLjjKBPDBGvSqnw=	admin	2025-07-11 17:36:41+00	t	t	t	t
\N	f	10	Alice	Martin	patient1@example.com	pbkdf2_sha256$1000000$WTpKLr8NyM43j8eNfkUYqY$PoG04Fuwh8V6nk7ceRpakTy+CJ2OGGiTW2cef3DvCyw=	patient	2025-07-17 16:43:22.683247+00	t	f	f	t
\N	f	13	Jane	Smith	jane.smith@hospital.com	pbkdf2_sha256$1000000$ST4uTeargB18VqYzfRIee2$TOZFq51cUam5vZGfw+ZuobQPinl4pqFtIJbyIzWJod4=	staff	2025-07-17 17:51:48.239977+00	t	t	f	f
\N	f	14	Michael	Chen	michael.chen@hospital.com	pbkdf2_sha256$1000000$dJvET8N7XC4bobp4k2ZtdA$KBhmFvVzq5ZanbogqaL+8WB1BsiCYJBgdnVX5AulzmA=	staff	2025-07-17 17:51:48.780537+00	t	t	f	f
\N	f	15	Emily	Jones	emily.jones@hospital.com	pbkdf2_sha256$1000000$cFGDg6939XKtbo53vJ1pJj$dmieOPEdlc2DS9cYI4/0sZgPMy2HFbl9i+HP02Cmoqk=	staff	2025-07-17 17:51:49.390811+00	t	t	f	f
\N	f	16	David	Wilson	david.wilson@hospital.com	pbkdf2_sha256$1000000$qcJKPLmfYRo6ANUAXAy0Yx$wMItH3EkaIigLvOU13LDosEGfw9zOMRsv2aNoa6ijdE=	staff	2025-07-17 17:51:50.038301+00	t	t	f	f
\N	f	17	Sarah	Brown	sarah.brown@hospital.com	pbkdf2_sha256$1000000$CVQZBaFS8tNlwDe2aQOxPD$ijB3zhyDZIJ26NnmTAcmKmoj1dlQSQr8g6cR7ERnsDI=	staff	2025-07-17 17:51:50.565712+00	t	t	f	f
\N	f	32	Julien	Bernard	julien.bernard@patients.com	pbkdf2_sha256$1000000$tbQUql0gqtDzTj3Ub9joKD$iXmdx4M7TeDuwE9uCb59CV3ughzaCmz/b/yAQTrlkqU=	patient	2025-07-19 13:46:17.346924+00	t	f	f	t
2025-11-15 14:07:07.667165+00	f	36	New	Patient	NewPatient@doclogic.com	pbkdf2_sha256$1000000$pgLz0Z4Ha4rGJSVT7XBLBc$3Kl5OpZyZDFF+KuLAXYXauCZQeUspI6SmLLkAFk1RXQ=	user	2025-11-15 14:01:07+00	t	f	f	t
2025-11-10 13:41:11.99464+00	f	1	Keanu	Reeves	Keanu.reeves@gmail.com	pbkdf2_sha256$1000000$44fjBY5KJHIg9Pv6BWZtln$uCdW5vwGmoNRO0cjqE4xr27mgWRcAkQONM5pH+Q32ts=	user	2025-07-11 17:33:28.784135+00	t	f	f	f
\.


--
-- Data for Name: core_customuser_groups; Type: TABLE DATA; Schema: public; Owner: emmanuelramos
--

COPY public.core_customuser_groups (id, customuser_id, group_id) FROM stdin;
\.


--
-- Data for Name: core_customuser_user_permissions; Type: TABLE DATA; Schema: public; Owner: emmanuelramos
--

COPY public.core_customuser_user_permissions (id, customuser_id, permission_id) FROM stdin;
\.


--
-- Data for Name: django_admin_log; Type: TABLE DATA; Schema: public; Owner: emmanuelramos
--

COPY public.django_admin_log (id, action_time, object_id, object_repr, action_flag, change_message, content_type_id, user_id) FROM stdin;
1	2025-07-12 13:08:13.404271+00	1	Admin Users	1	[{"added": {}}]	3	2
2	2025-07-12 13:08:30.628562+00	1	Admin Users	3		3	2
3	2025-07-12 13:13:21.709411+00	3	alice@example.com	2	[{"changed": {"fields": ["Is staff"]}}]	6	2
4	2025-07-14 22:33:24.84554+00	2	superdoctor@doclogic.com	2	[{"changed": {"fields": ["Is admin"]}}]	6	2
5	2025-07-16 12:02:49.330278+00	2	superdoctor@doclogic.com	2	[{"changed": {"fields": ["Is patient"]}}]	6	2
6	2025-07-16 14:08:46.691303+00	2	superdoctor@doclogic.com	2	[{"changed": {"fields": ["Name"]}}]	6	2
7	2025-07-17 12:33:36.229827+00	1	Oncology	1	[{"added": {}}]	9	2
8	2025-07-17 12:37:22.985769+00	1	Cardiology	2	[{"changed": {"fields": ["Name", "Description"]}}]	9	2
9	2025-07-17 12:37:37.382116+00	2	Pediatrics	1	[{"added": {}}]	9	2
10	2025-07-17 12:37:51.756487+00	3	Oncology	1	[{"added": {}}]	9	2
11	2025-07-17 12:38:42.516031+00	4	Maternity	1	[{"added": {}}]	9	2
12	2025-07-17 12:41:05.612291+00	1	Eve White - Pediatrics; Maternity	1	[{"added": {}}]	8	2
13	2025-07-17 12:41:43.972479+00	2	David Lee - Maternity; Cardiology	1	[{"added": {}}]	8	2
14	2025-07-17 12:42:23.391599+00	3	Alice Smith - Cardiology; Maternity	1	[{"added": {}}]	8	2
15	2025-07-17 12:44:07.947289+00	1	Consultations  &  Appointments	1	[{"added": {}}]	7	2
16	2025-07-17 12:44:45.026088+00	2	Emergency Care	1	[{"added": {}}]	7	2
17	2025-07-17 12:45:30.697828+00	3	Medical Imaging	1	[{"added": {}}]	7	2
18	2025-07-17 13:30:31.026643+00	3	Alice Smith - Maternity	2	[{"changed": {"fields": ["Specialization"]}}]	8	2
19	2025-07-17 13:30:40.65861+00	2	David Lee - Maternity	2	[{"changed": {"fields": ["Specialization"]}}]	8	2
20	2025-07-17 13:30:47.736812+00	1	Eve White - Pediatrics	2	[{"changed": {"fields": ["Specialization"]}}]	8	2
21	2025-07-17 13:32:06.934138+00	4	Keanu Reeves - Emergency	1	[{"added": {}}]	8	2
22	2025-07-17 13:35:28.162938+00	5	Carol Jones - Emergency Care	1	[{"added": {}}]	8	2
23	2025-07-17 13:44:51.545027+00	3	Medical Imaging	2	[]	7	2
24	2025-07-17 17:52:49.452128+00	11	Thomas Moore - General Practitioner	2	[]	8	2
25	2025-07-17 18:21:59.07413+00	11	Thomas Moore - General Practitioner	2	[{"changed": {"fields": ["Profile picture"]}}]	8	2
26	2025-07-17 18:22:10.888453+00	10	Amanda Lee - Psychiatrist	2	[{"changed": {"fields": ["Profile picture"]}}]	8	2
27	2025-07-17 18:23:04.442476+00	9	James White - Orthopedist	2	[{"changed": {"fields": ["Profile picture"]}}]	8	2
28	2025-07-17 18:23:14.624276+00	8	Laura Martin - Dermatologist	2	[{"changed": {"fields": ["Profile picture"]}}]	8	2
29	2025-07-17 18:23:26.360208+00	7	Robert Taylor - Radiologist	2	[{"changed": {"fields": ["Profile picture"]}}]	8	2
30	2025-07-17 18:23:45.062066+00	6	Sarah Brown - Neurologist	2	[{"changed": {"fields": ["Profile picture"]}}]	8	2
31	2025-07-17 18:24:22.68463+00	5	David Wilson - Obstetrician	2	[{"changed": {"fields": ["Profile picture"]}}]	8	2
32	2025-07-17 18:25:40.220848+00	4	Emily Jones - Oncologist	2	[{"changed": {"fields": ["Profile picture"]}}]	8	2
33	2025-07-17 18:26:07.748518+00	3	Michael Chen - Pediatrician	2	[{"changed": {"fields": ["Profile picture"]}}]	8	2
34	2025-07-17 18:26:27.842222+00	2	Jane Smith - Cardiologist	2	[{"changed": {"fields": ["Profile picture"]}}]	8	2
35	2025-07-17 18:26:41.171114+00	1	Dr. John Doe - Cardiologist	2	[{"changed": {"fields": ["Profile picture"]}}]	8	2
36	2025-07-17 19:40:21.187727+00	2	Medical Imaging	1	[{"added": {}}]	7	2
37	2025-07-17 19:41:10.035131+00	3	Consultations  &  Appointments	1	[{"added": {}}]	7	2
38	2025-07-17 19:41:12.805569+00	1	Central Hospital	2	[{"changed": {"fields": ["Services"]}}]	11	2
39	2025-07-17 19:41:25.137889+00	11	Thomas Moore - General Practitioner	2	[]	8	2
40	2025-07-17 20:25:48.35749+00	1	Hopital Privé Nord Parisien	2	[{"changed": {"fields": ["Name", "Location"]}}]	11	2
41	2025-07-17 20:26:17.093725+00	1	Hopital Privé Nord Parisien	2	[]	11	2
42	2025-07-17 20:26:37.53394+00	1	Hopital Privé Nord Parisien	2	[]	11	2
43	2025-07-17 20:27:48.583666+00	1	Hopital Privé Nord Parisien	2	[{"changed": {"fields": ["Location"]}}]	11	2
44	2025-07-17 20:53:01.484058+00	1	Hopital Privé Nord Parisien	2	[]	11	2
45	2025-07-18 11:40:19.698237+00	1	Dr. John Doe - Cardiologist	2	[]	8	2
46	2025-07-18 11:40:59.394234+00	11	doctor1@example.com	2	[{"changed": {"fields": ["Name", "Surname"]}}]	6	2
47	2025-07-19 14:52:05.477971+00	10	Julien Bernard - Neurology	2	[{"changed": {"fields": ["Profile picture"]}}]	12	2
48	2025-07-19 14:52:22.693475+00	9	Isabelle Moreau - Maternity	2	[{"changed": {"fields": ["Profile picture"]}}]	12	2
49	2025-07-19 14:52:35.978312+00	8	Henry Schmidt - Oncology	2	[{"changed": {"fields": ["Profile picture"]}}]	12	2
50	2025-07-19 14:52:46.908828+00	7	Grace Lee - Pediatrics	2	[{"changed": {"fields": ["Profile picture"]}}]	12	2
51	2025-07-19 14:59:50.028489+00	6	Frank Nguyen - Cardiology	2	[{"changed": {"fields": ["Profile picture"]}}]	12	2
52	2025-07-19 15:00:11.297693+00	6	Frank Nguyen - Cardiology	2	[{"changed": {"fields": ["Profile picture"]}}]	12	2
53	2025-07-19 15:02:07.275251+00	6	Frank Nguyen - Cardiology	2	[{"changed": {"fields": ["Profile picture"]}}]	12	2
54	2025-07-19 15:02:30.45523+00	5	Emma Dupont - Neurology	2	[{"changed": {"fields": ["Profile picture"]}}]	12	2
55	2025-07-19 15:04:33.979936+00	4	Daniel Kim - Maternity	2	[{"changed": {"fields": ["Profile picture"]}}]	12	2
56	2025-07-19 15:05:09.358483+00	3	Carla Garcia - Oncology	2	[{"changed": {"fields": ["Profile picture"]}}]	12	2
57	2025-07-19 15:07:56.95897+00	2	Benjamin Ross - Pediatrics	2	[{"changed": {"fields": ["Profile picture"]}}]	12	2
58	2025-07-19 15:08:19.363039+00	1	Alice Martin - Cardiology	2	[{"changed": {"fields": ["Profile picture"]}}]	12	2
59	2025-07-19 15:27:17.781494+00	9	Isabelle Moreau - Maternity	2	[{"changed": {"fields": ["Age"]}}]	12	2
60	2025-07-19 15:27:38.862284+00	5	Emma Dupont - Neurology	2	[{"changed": {"fields": ["Age"]}}]	12	2
61	2025-07-19 15:27:53.172316+00	4	Daniel Kim - Maternity	2	[{"changed": {"fields": ["Age"]}}]	12	2
62	2025-07-19 15:28:05.259476+00	3	Carla Garcia - Oncology	2	[{"changed": {"fields": ["Age"]}}]	12	2
63	2025-07-19 15:28:28.275882+00	1	Alice Martin - Cardiology	2	[{"changed": {"fields": ["Age"]}}]	12	2
64	2025-07-19 15:28:46.322585+00	10	Julien Bernard - Neurology	2	[{"changed": {"fields": ["Age"]}}]	12	2
65	2025-07-22 19:42:06.197608+00	33	patienthospital@doclogic.com	2	[{"changed": {"fields": ["Is patient"]}}]	6	2
66	2025-07-22 20:18:09.846981+00	33	patienthospital@doclogic.com	2	[{"changed": {"fields": ["Is patient"]}}]	6	2
67	2025-07-22 20:51:17.706916+00	11	Patient Hospital - Oncology	1	[{"added": {}}]	12	2
68	2025-07-22 20:52:20.490189+00	33	patienthospital@doclogic.com	2	[{"changed": {"fields": ["Is patient"]}}]	6	2
69	2025-07-23 08:39:06.393047+00	34	DembaSoumare@doclogic.com	2	[{"changed": {"fields": ["Is staff", "Is patient"]}}]	6	2
70	2025-11-11 13:25:20.119089+00	35	just.testing@develop.com	2	[{"changed": {"fields": ["Is patient"]}}]	6	2
71	2025-11-15 13:54:41.830787+00	34	DembaSoumare@doclogic.com	3		6	2
72	2025-11-15 13:57:21.261335+00	33	patienthospital@doclogic.com	3		6	2
73	2025-11-15 13:57:39.230213+00	9	Emmanuel@doclogic.com	3		6	2
74	2025-11-15 13:57:53.349991+00	35	just.testing@develop.com	3		6	2
75	2025-11-15 14:02:13.097726+00	36	NewPatient@doclogic.com	2	[{"changed": {"fields": ["Is patient"]}}]	6	2
76	2025-11-15 14:06:29.255627+00	12	New Patient - Pediatrics	1	[{"added": {}}]	12	2
\.


--
-- Data for Name: django_content_type; Type: TABLE DATA; Schema: public; Owner: emmanuelramos
--

COPY public.django_content_type (id, app_label, model) FROM stdin;
1	admin	logentry
2	auth	permission
3	auth	group
4	contenttypes	contenttype
5	sessions	session
6	core	customuser
7	hospital	service
8	hospital	doctor
9	hospital	department
10	hospital	specialization
11	hospital	hospital
12	patient_management	patient
\.


--
-- Data for Name: django_migrations; Type: TABLE DATA; Schema: public; Owner: emmanuelramos
--

COPY public.django_migrations (id, app, name, applied) FROM stdin;
1	contenttypes	0001_initial	2025-07-11 16:05:48.245571+00
2	contenttypes	0002_remove_content_type_name	2025-07-11 16:05:48.262756+00
3	auth	0001_initial	2025-07-11 16:05:48.314936+00
4	auth	0002_alter_permission_name_max_length	2025-07-11 16:05:48.323954+00
5	auth	0003_alter_user_email_max_length	2025-07-11 16:05:48.330537+00
6	auth	0004_alter_user_username_opts	2025-07-11 16:05:48.336599+00
7	auth	0005_alter_user_last_login_null	2025-07-11 16:05:48.34243+00
8	auth	0006_require_contenttypes_0002	2025-07-11 16:05:48.343807+00
9	auth	0007_alter_validators_add_error_messages	2025-07-11 16:05:48.349678+00
10	auth	0008_alter_user_username_max_length	2025-07-11 16:05:48.355631+00
11	auth	0009_alter_user_last_name_max_length	2025-07-11 16:05:48.360999+00
12	auth	0010_alter_group_name_max_length	2025-07-11 16:05:48.37062+00
13	auth	0011_update_proxy_permissions	2025-07-11 16:05:48.377068+00
14	auth	0012_alter_user_first_name_max_length	2025-07-11 16:05:48.38309+00
15	core	0001_initial	2025-07-11 16:05:48.421665+00
16	admin	0001_initial	2025-07-11 16:05:48.444122+00
17	admin	0002_logentry_remove_auto_add	2025-07-11 16:05:48.452437+00
18	admin	0003_logentry_add_action_flag_choices	2025-07-11 16:05:48.460129+00
19	sessions	0001_initial	2025-07-11 16:05:48.471153+00
20	core	0002_customuser_is_admin_customuser_is_patient	2025-07-14 22:32:51.309914+00
23	hospital	0002_auto_20250717_1317	2025-07-17 14:15:55.029638+00
24	hospital	0001_initial	2025-07-17 14:38:09.606376+00
25	patient_management	0001_initial	2025-07-19 12:58:44.217504+00
\.


--
-- Data for Name: django_session; Type: TABLE DATA; Schema: public; Owner: emmanuelramos
--

COPY public.django_session (session_key, session_data, expire_date) FROM stdin;
2kcc6vqbkp0ktakw41l8o12gl0r6prsa	.eJxVjEEOwiAQAP_C2ZAFKgWP3n0DWZZFqgaS0p6MfzckPeh1ZjJvEXDfStg7r2FJ4iK0OP2yiPTkOkR6YL03Sa1u6xLlSORhu7y1xK_r0f4NCvYytjazseCjJQ0WZ1JoHZExUTkH58TkeTKZvQMzK45JTZARrAfHWmknPl_cEzdt:1ugnr9:iMX_MCNrqloKzdxe2YtldBlP9AODxxwa5d6G9Bz-1FQ	2025-08-12 17:11:15.29935+00
697gvb52t9ed1s4kjexgfgsq7k2yxtn8	.eJxVjLsOAiEQAP-F2hBkj4eW9n4D2V1ATg0kx11l_HcluULbmcm8RMBtLWHraQlzFGcBVhx-ISE_Uh0m3rHemuRW12UmORK52y6vLabnZW__BgV7GV90EyBaDxkzMlkNJrLSkSMaR9anE1lmytmQYkCts7JuSviNlIejeH8AOyY5Og:1vKGvj:a19sR5i9bK2pE9TVdol6YOSK7h60H6FtDy0cmEkOxbE	2025-11-29 14:07:07.669753+00
\.


--
-- Data for Name: hospital_department; Type: TABLE DATA; Schema: public; Owner: emmanuelramos
--

COPY public.hospital_department (department_id, name, description) FROM stdin;
1	Cardiology	Heart related treatments
4	Pediatrics	Children care
5	Oncology	Cancer treatment
6	Maternity	Maternity care
7	Neurology	Brain and nerves
\.


--
-- Data for Name: hospital_doctor; Type: TABLE DATA; Schema: public; Owner: emmanuelramos
--

COPY public.hospital_doctor (doctor_id, profile_picture, department_id, user_id, specialization_id) FROM stdin;
10	doctor_pics/doctor7.avif	6	21	11
9	doctor_pics/doctor8.avif	5	20	10
8	doctor_pics/doctor6.avif	4	19	9
7	doctor_pics/doctor5.jpg	1	18	8
6	doctor_pics/Doctor_2.jpg	7	17	7
5	doctor_pics/doctor9.jpg	6	16	6
4	doctor_pics/doctor10.jpg	5	15	5
3	doctor_pics/Doctor_1.jpg	4	14	4
2	doctor_pics/Doctor.webp	1	13	1
11	doctor_pics/doctor4.jpg	7	22	12
1	doctor_pics/Doctor_3.jpg	1	11	1
\.


--
-- Data for Name: hospital_hospital; Type: TABLE DATA; Schema: public; Owner: emmanuelramos
--

COPY public.hospital_hospital (hospital_id, name, location, active_staff, patient_capacity) FROM stdin;
1	Hopital Privé Nord Parisien	France	50	200
\.


--
-- Data for Name: hospital_hospital_services; Type: TABLE DATA; Schema: public; Owner: emmanuelramos
--

COPY public.hospital_hospital_services (id, hospital_id, service_id) FROM stdin;
1	1	1
2	1	2
3	1	3
\.


--
-- Data for Name: hospital_service; Type: TABLE DATA; Schema: public; Owner: emmanuelramos
--

COPY public.hospital_service (service_id, name, description, technologies) FROM stdin;
1	Emergency Care	24/7 emergency services	Defibrillator, Ambulance
2	Medical Imaging	On appointment	IRM
3	Consultations  &  Appointments	Available for apointements	Website
\.


--
-- Data for Name: hospital_specialization; Type: TABLE DATA; Schema: public; Owner: emmanuelramos
--

COPY public.hospital_specialization (specialization_id, name, description) FROM stdin;
1	Cardiologist	Heart specialist
4	Pediatrician	Children specialist
5	Oncologist	Cancer specialist
6	Obstetrician	Maternity specialist
7	Neurologist	Brain specialist
8	Radiologist	Imaging specialist
9	Dermatologist	Skin specialist
10	Orthopedist	Bone specialist
11	Psychiatrist	Mental health specialist
12	General Practitioner	General medicine
\.


--
-- Data for Name: patient_management_patient; Type: TABLE DATA; Schema: public; Owner: emmanuelramos
--

COPY public.patient_management_patient (patient_id, age, profile_picture, patient_info, patient_medications, patient_surgeries, patient_social_history, department_id, user_id) FROM stdin;
7	31	patient_pics/patient_2.png					4	29
6	39	patient_pics/patient_10.jpg					1	28
9	57	patient_pics/Patient_1.webp					6	31
5	73	patient_pics/patient_6.avif					7	27
3	65	patient_pics/patient_7.webp					5	25
10	61	patient_pics/patient_8.jpg					7	32
8	60	patient_pics/Patient_4.jpg			Appendectomy in 2019		5	30
1	21	patient_pics/patient_9.avif	Testing out from the UI the Patient info	TESTING FROM UI			1	23
2	34	patient_pics/patient_12.jpg					4	24
4	82	patient_pics/patient_11.avif				Retraité\nChute	6	26
12	30	patient_pics/person_zOivxoq.jpeg	Lorem ipsum dolor sit amet, consectetuer adipiscing elit. Aenean commodo ligula eget dolor. Aenean massa. Cum sociis natoque penatibus et magnis dis parturient montes,	Lorem ipsum dolor sit amet, consectetuer adipiscing elit. Aenean commodo ligula eget dolor. Aenean massa. Cum sociis natoque penatibus et magnis dis parturient montes,	Lorem ipsum dolor sit amet, consectetuer adipiscing elit. Aenean commodo ligula eget dolor. Aenean massa. Cum sociis natoque penatibus et magnis dis parturient montes,	Lorem ipsum dolor sit amet, consectetuer adipiscing elit. Aenean commodo ligula eget dolor. Aenean massa. Cum sociis natoque penatibus et magnis dis parturient montes,	4	36
\.


--
-- Name: auth_group_id_seq; Type: SEQUENCE SET; Schema: public; Owner: emmanuelramos
--

SELECT pg_catalog.setval('public.auth_group_id_seq', 1, true);


--
-- Name: auth_group_permissions_id_seq; Type: SEQUENCE SET; Schema: public; Owner: emmanuelramos
--

SELECT pg_catalog.setval('public.auth_group_permissions_id_seq', 12, true);


--
-- Name: auth_permission_id_seq; Type: SEQUENCE SET; Schema: public; Owner: emmanuelramos
--

SELECT pg_catalog.setval('public.auth_permission_id_seq', 48, true);


--
-- Name: core_customuser_groups_id_seq; Type: SEQUENCE SET; Schema: public; Owner: emmanuelramos
--

SELECT pg_catalog.setval('public.core_customuser_groups_id_seq', 1, false);


--
-- Name: core_customuser_id_user_seq; Type: SEQUENCE SET; Schema: public; Owner: emmanuelramos
--

SELECT pg_catalog.setval('public.core_customuser_id_user_seq', 36, true);


--
-- Name: core_customuser_user_permissions_id_seq; Type: SEQUENCE SET; Schema: public; Owner: emmanuelramos
--

SELECT pg_catalog.setval('public.core_customuser_user_permissions_id_seq', 1, false);


--
-- Name: django_admin_log_id_seq; Type: SEQUENCE SET; Schema: public; Owner: emmanuelramos
--

SELECT pg_catalog.setval('public.django_admin_log_id_seq', 76, true);


--
-- Name: django_content_type_id_seq; Type: SEQUENCE SET; Schema: public; Owner: emmanuelramos
--

SELECT pg_catalog.setval('public.django_content_type_id_seq', 12, true);


--
-- Name: django_migrations_id_seq; Type: SEQUENCE SET; Schema: public; Owner: emmanuelramos
--

SELECT pg_catalog.setval('public.django_migrations_id_seq', 25, true);


--
-- Name: hospital_department_department_id_seq; Type: SEQUENCE SET; Schema: public; Owner: emmanuelramos
--

SELECT pg_catalog.setval('public.hospital_department_department_id_seq', 7, true);


--
-- Name: hospital_doctor_doctor_id_seq; Type: SEQUENCE SET; Schema: public; Owner: emmanuelramos
--

SELECT pg_catalog.setval('public.hospital_doctor_doctor_id_seq', 11, true);


--
-- Name: hospital_hospital_hospital_id_seq; Type: SEQUENCE SET; Schema: public; Owner: emmanuelramos
--

SELECT pg_catalog.setval('public.hospital_hospital_hospital_id_seq', 1, true);


--
-- Name: hospital_hospital_services_id_seq; Type: SEQUENCE SET; Schema: public; Owner: emmanuelramos
--

SELECT pg_catalog.setval('public.hospital_hospital_services_id_seq', 3, true);


--
-- Name: hospital_service_service_id_seq; Type: SEQUENCE SET; Schema: public; Owner: emmanuelramos
--

SELECT pg_catalog.setval('public.hospital_service_service_id_seq', 3, true);


--
-- Name: hospital_specialization_specialization_id_seq; Type: SEQUENCE SET; Schema: public; Owner: emmanuelramos
--

SELECT pg_catalog.setval('public.hospital_specialization_specialization_id_seq', 12, true);


--
-- Name: patient_management_patient_patient_id_seq; Type: SEQUENCE SET; Schema: public; Owner: emmanuelramos
--

SELECT pg_catalog.setval('public.patient_management_patient_patient_id_seq', 12, true);


--
-- Name: auth_group auth_group_name_key; Type: CONSTRAINT; Schema: public; Owner: emmanuelramos
--

ALTER TABLE ONLY public.auth_group
    ADD CONSTRAINT auth_group_name_key UNIQUE (name);


--
-- Name: auth_group_permissions auth_group_permissions_group_id_permission_id_0cd325b0_uniq; Type: CONSTRAINT; Schema: public; Owner: emmanuelramos
--

ALTER TABLE ONLY public.auth_group_permissions
    ADD CONSTRAINT auth_group_permissions_group_id_permission_id_0cd325b0_uniq UNIQUE (group_id, permission_id);


--
-- Name: auth_group_permissions auth_group_permissions_pkey; Type: CONSTRAINT; Schema: public; Owner: emmanuelramos
--

ALTER TABLE ONLY public.auth_group_permissions
    ADD CONSTRAINT auth_group_permissions_pkey PRIMARY KEY (id);


--
-- Name: auth_group auth_group_pkey; Type: CONSTRAINT; Schema: public; Owner: emmanuelramos
--

ALTER TABLE ONLY public.auth_group
    ADD CONSTRAINT auth_group_pkey PRIMARY KEY (id);


--
-- Name: auth_permission auth_permission_content_type_id_codename_01ab375a_uniq; Type: CONSTRAINT; Schema: public; Owner: emmanuelramos
--

ALTER TABLE ONLY public.auth_permission
    ADD CONSTRAINT auth_permission_content_type_id_codename_01ab375a_uniq UNIQUE (content_type_id, codename);


--
-- Name: auth_permission auth_permission_pkey; Type: CONSTRAINT; Schema: public; Owner: emmanuelramos
--

ALTER TABLE ONLY public.auth_permission
    ADD CONSTRAINT auth_permission_pkey PRIMARY KEY (id);


--
-- Name: core_customuser core_customuser_email_key; Type: CONSTRAINT; Schema: public; Owner: emmanuelramos
--

ALTER TABLE ONLY public.core_customuser
    ADD CONSTRAINT core_customuser_email_key UNIQUE (email);


--
-- Name: core_customuser_groups core_customuser_groups_customuser_id_group_id_7990e9c6_uniq; Type: CONSTRAINT; Schema: public; Owner: emmanuelramos
--

ALTER TABLE ONLY public.core_customuser_groups
    ADD CONSTRAINT core_customuser_groups_customuser_id_group_id_7990e9c6_uniq UNIQUE (customuser_id, group_id);


--
-- Name: core_customuser_groups core_customuser_groups_pkey; Type: CONSTRAINT; Schema: public; Owner: emmanuelramos
--

ALTER TABLE ONLY public.core_customuser_groups
    ADD CONSTRAINT core_customuser_groups_pkey PRIMARY KEY (id);


--
-- Name: core_customuser core_customuser_pkey; Type: CONSTRAINT; Schema: public; Owner: emmanuelramos
--

ALTER TABLE ONLY public.core_customuser
    ADD CONSTRAINT core_customuser_pkey PRIMARY KEY (id_user);


--
-- Name: core_customuser_user_permissions core_customuser_user_per_customuser_id_permission_49ea742a_uniq; Type: CONSTRAINT; Schema: public; Owner: emmanuelramos
--

ALTER TABLE ONLY public.core_customuser_user_permissions
    ADD CONSTRAINT core_customuser_user_per_customuser_id_permission_49ea742a_uniq UNIQUE (customuser_id, permission_id);


--
-- Name: core_customuser_user_permissions core_customuser_user_permissions_pkey; Type: CONSTRAINT; Schema: public; Owner: emmanuelramos
--

ALTER TABLE ONLY public.core_customuser_user_permissions
    ADD CONSTRAINT core_customuser_user_permissions_pkey PRIMARY KEY (id);


--
-- Name: django_admin_log django_admin_log_pkey; Type: CONSTRAINT; Schema: public; Owner: emmanuelramos
--

ALTER TABLE ONLY public.django_admin_log
    ADD CONSTRAINT django_admin_log_pkey PRIMARY KEY (id);


--
-- Name: django_content_type django_content_type_app_label_model_76bd3d3b_uniq; Type: CONSTRAINT; Schema: public; Owner: emmanuelramos
--

ALTER TABLE ONLY public.django_content_type
    ADD CONSTRAINT django_content_type_app_label_model_76bd3d3b_uniq UNIQUE (app_label, model);


--
-- Name: django_content_type django_content_type_pkey; Type: CONSTRAINT; Schema: public; Owner: emmanuelramos
--

ALTER TABLE ONLY public.django_content_type
    ADD CONSTRAINT django_content_type_pkey PRIMARY KEY (id);


--
-- Name: django_migrations django_migrations_pkey; Type: CONSTRAINT; Schema: public; Owner: emmanuelramos
--

ALTER TABLE ONLY public.django_migrations
    ADD CONSTRAINT django_migrations_pkey PRIMARY KEY (id);


--
-- Name: django_session django_session_pkey; Type: CONSTRAINT; Schema: public; Owner: emmanuelramos
--

ALTER TABLE ONLY public.django_session
    ADD CONSTRAINT django_session_pkey PRIMARY KEY (session_key);


--
-- Name: hospital_department hospital_department_name_key; Type: CONSTRAINT; Schema: public; Owner: emmanuelramos
--

ALTER TABLE ONLY public.hospital_department
    ADD CONSTRAINT hospital_department_name_key UNIQUE (name);


--
-- Name: hospital_department hospital_department_pkey; Type: CONSTRAINT; Schema: public; Owner: emmanuelramos
--

ALTER TABLE ONLY public.hospital_department
    ADD CONSTRAINT hospital_department_pkey PRIMARY KEY (department_id);


--
-- Name: hospital_doctor hospital_doctor_pkey; Type: CONSTRAINT; Schema: public; Owner: emmanuelramos
--

ALTER TABLE ONLY public.hospital_doctor
    ADD CONSTRAINT hospital_doctor_pkey PRIMARY KEY (doctor_id);


--
-- Name: hospital_hospital hospital_hospital_name_key; Type: CONSTRAINT; Schema: public; Owner: emmanuelramos
--

ALTER TABLE ONLY public.hospital_hospital
    ADD CONSTRAINT hospital_hospital_name_key UNIQUE (name);


--
-- Name: hospital_hospital hospital_hospital_pkey; Type: CONSTRAINT; Schema: public; Owner: emmanuelramos
--

ALTER TABLE ONLY public.hospital_hospital
    ADD CONSTRAINT hospital_hospital_pkey PRIMARY KEY (hospital_id);


--
-- Name: hospital_hospital_services hospital_hospital_services_hospital_id_service_id_6e39753d_uniq; Type: CONSTRAINT; Schema: public; Owner: emmanuelramos
--

ALTER TABLE ONLY public.hospital_hospital_services
    ADD CONSTRAINT hospital_hospital_services_hospital_id_service_id_6e39753d_uniq UNIQUE (hospital_id, service_id);


--
-- Name: hospital_hospital_services hospital_hospital_services_pkey; Type: CONSTRAINT; Schema: public; Owner: emmanuelramos
--

ALTER TABLE ONLY public.hospital_hospital_services
    ADD CONSTRAINT hospital_hospital_services_pkey PRIMARY KEY (id);


--
-- Name: hospital_service hospital_service_name_key; Type: CONSTRAINT; Schema: public; Owner: emmanuelramos
--

ALTER TABLE ONLY public.hospital_service
    ADD CONSTRAINT hospital_service_name_key UNIQUE (name);


--
-- Name: hospital_service hospital_service_pkey; Type: CONSTRAINT; Schema: public; Owner: emmanuelramos
--

ALTER TABLE ONLY public.hospital_service
    ADD CONSTRAINT hospital_service_pkey PRIMARY KEY (service_id);


--
-- Name: hospital_specialization hospital_specialization_name_key; Type: CONSTRAINT; Schema: public; Owner: emmanuelramos
--

ALTER TABLE ONLY public.hospital_specialization
    ADD CONSTRAINT hospital_specialization_name_key UNIQUE (name);


--
-- Name: hospital_specialization hospital_specialization_pkey; Type: CONSTRAINT; Schema: public; Owner: emmanuelramos
--

ALTER TABLE ONLY public.hospital_specialization
    ADD CONSTRAINT hospital_specialization_pkey PRIMARY KEY (specialization_id);


--
-- Name: patient_management_patient patient_management_patient_pkey; Type: CONSTRAINT; Schema: public; Owner: emmanuelramos
--

ALTER TABLE ONLY public.patient_management_patient
    ADD CONSTRAINT patient_management_patient_pkey PRIMARY KEY (patient_id);


--
-- Name: auth_group_name_a6ea08ec_like; Type: INDEX; Schema: public; Owner: emmanuelramos
--

CREATE INDEX auth_group_name_a6ea08ec_like ON public.auth_group USING btree (name varchar_pattern_ops);


--
-- Name: auth_group_permissions_group_id_b120cbf9; Type: INDEX; Schema: public; Owner: emmanuelramos
--

CREATE INDEX auth_group_permissions_group_id_b120cbf9 ON public.auth_group_permissions USING btree (group_id);


--
-- Name: auth_group_permissions_permission_id_84c5c92e; Type: INDEX; Schema: public; Owner: emmanuelramos
--

CREATE INDEX auth_group_permissions_permission_id_84c5c92e ON public.auth_group_permissions USING btree (permission_id);


--
-- Name: auth_permission_content_type_id_2f476e4b; Type: INDEX; Schema: public; Owner: emmanuelramos
--

CREATE INDEX auth_permission_content_type_id_2f476e4b ON public.auth_permission USING btree (content_type_id);


--
-- Name: core_customuser_email_e02ad5f6_like; Type: INDEX; Schema: public; Owner: emmanuelramos
--

CREATE INDEX core_customuser_email_e02ad5f6_like ON public.core_customuser USING btree (email varchar_pattern_ops);


--
-- Name: core_customuser_groups_customuser_id_976bc4d7; Type: INDEX; Schema: public; Owner: emmanuelramos
--

CREATE INDEX core_customuser_groups_customuser_id_976bc4d7 ON public.core_customuser_groups USING btree (customuser_id);


--
-- Name: core_customuser_groups_group_id_301aeff4; Type: INDEX; Schema: public; Owner: emmanuelramos
--

CREATE INDEX core_customuser_groups_group_id_301aeff4 ON public.core_customuser_groups USING btree (group_id);


--
-- Name: core_customuser_user_permissions_customuser_id_ebd2ce6c; Type: INDEX; Schema: public; Owner: emmanuelramos
--

CREATE INDEX core_customuser_user_permissions_customuser_id_ebd2ce6c ON public.core_customuser_user_permissions USING btree (customuser_id);


--
-- Name: core_customuser_user_permissions_permission_id_80ceaab9; Type: INDEX; Schema: public; Owner: emmanuelramos
--

CREATE INDEX core_customuser_user_permissions_permission_id_80ceaab9 ON public.core_customuser_user_permissions USING btree (permission_id);


--
-- Name: django_admin_log_content_type_id_c4bce8eb; Type: INDEX; Schema: public; Owner: emmanuelramos
--

CREATE INDEX django_admin_log_content_type_id_c4bce8eb ON public.django_admin_log USING btree (content_type_id);


--
-- Name: django_admin_log_user_id_c564eba6; Type: INDEX; Schema: public; Owner: emmanuelramos
--

CREATE INDEX django_admin_log_user_id_c564eba6 ON public.django_admin_log USING btree (user_id);


--
-- Name: django_session_expire_date_a5c62663; Type: INDEX; Schema: public; Owner: emmanuelramos
--

CREATE INDEX django_session_expire_date_a5c62663 ON public.django_session USING btree (expire_date);


--
-- Name: django_session_session_key_c0390e0f_like; Type: INDEX; Schema: public; Owner: emmanuelramos
--

CREATE INDEX django_session_session_key_c0390e0f_like ON public.django_session USING btree (session_key varchar_pattern_ops);


--
-- Name: hospital_department_name_ca1c7f9f_like; Type: INDEX; Schema: public; Owner: emmanuelramos
--

CREATE INDEX hospital_department_name_ca1c7f9f_like ON public.hospital_department USING btree (name varchar_pattern_ops);


--
-- Name: hospital_doctor_department_id_d5506b9f; Type: INDEX; Schema: public; Owner: emmanuelramos
--

CREATE INDEX hospital_doctor_department_id_d5506b9f ON public.hospital_doctor USING btree (department_id);


--
-- Name: hospital_doctor_specialization_id_72a6dff4; Type: INDEX; Schema: public; Owner: emmanuelramos
--

CREATE INDEX hospital_doctor_specialization_id_72a6dff4 ON public.hospital_doctor USING btree (specialization_id);


--
-- Name: hospital_doctor_user_id_fefadd71; Type: INDEX; Schema: public; Owner: emmanuelramos
--

CREATE INDEX hospital_doctor_user_id_fefadd71 ON public.hospital_doctor USING btree (user_id);


--
-- Name: hospital_hospital_name_5a05cf87_like; Type: INDEX; Schema: public; Owner: emmanuelramos
--

CREATE INDEX hospital_hospital_name_5a05cf87_like ON public.hospital_hospital USING btree (name varchar_pattern_ops);


--
-- Name: hospital_hospital_services_hospital_id_0d6067c7; Type: INDEX; Schema: public; Owner: emmanuelramos
--

CREATE INDEX hospital_hospital_services_hospital_id_0d6067c7 ON public.hospital_hospital_services USING btree (hospital_id);


--
-- Name: hospital_hospital_services_service_id_607b06f0; Type: INDEX; Schema: public; Owner: emmanuelramos
--

CREATE INDEX hospital_hospital_services_service_id_607b06f0 ON public.hospital_hospital_services USING btree (service_id);


--
-- Name: hospital_service_name_0558d021_like; Type: INDEX; Schema: public; Owner: emmanuelramos
--

CREATE INDEX hospital_service_name_0558d021_like ON public.hospital_service USING btree (name varchar_pattern_ops);


--
-- Name: hospital_specialization_name_21d39f4b_like; Type: INDEX; Schema: public; Owner: emmanuelramos
--

CREATE INDEX hospital_specialization_name_21d39f4b_like ON public.hospital_specialization USING btree (name varchar_pattern_ops);


--
-- Name: patient_management_patient_department_id_76a4536b; Type: INDEX; Schema: public; Owner: emmanuelramos
--

CREATE INDEX patient_management_patient_department_id_76a4536b ON public.patient_management_patient USING btree (department_id);


--
-- Name: patient_management_patient_user_id_7b0acc1f; Type: INDEX; Schema: public; Owner: emmanuelramos
--

CREATE INDEX patient_management_patient_user_id_7b0acc1f ON public.patient_management_patient USING btree (user_id);


--
-- Name: auth_group_permissions auth_group_permissio_permission_id_84c5c92e_fk_auth_perm; Type: FK CONSTRAINT; Schema: public; Owner: emmanuelramos
--

ALTER TABLE ONLY public.auth_group_permissions
    ADD CONSTRAINT auth_group_permissio_permission_id_84c5c92e_fk_auth_perm FOREIGN KEY (permission_id) REFERENCES public.auth_permission(id) DEFERRABLE INITIALLY DEFERRED;


--
-- Name: auth_group_permissions auth_group_permissions_group_id_b120cbf9_fk_auth_group_id; Type: FK CONSTRAINT; Schema: public; Owner: emmanuelramos
--

ALTER TABLE ONLY public.auth_group_permissions
    ADD CONSTRAINT auth_group_permissions_group_id_b120cbf9_fk_auth_group_id FOREIGN KEY (group_id) REFERENCES public.auth_group(id) DEFERRABLE INITIALLY DEFERRED;


--
-- Name: auth_permission auth_permission_content_type_id_2f476e4b_fk_django_co; Type: FK CONSTRAINT; Schema: public; Owner: emmanuelramos
--

ALTER TABLE ONLY public.auth_permission
    ADD CONSTRAINT auth_permission_content_type_id_2f476e4b_fk_django_co FOREIGN KEY (content_type_id) REFERENCES public.django_content_type(id) DEFERRABLE INITIALLY DEFERRED;


--
-- Name: core_customuser_groups core_customuser_grou_customuser_id_976bc4d7_fk_core_cust; Type: FK CONSTRAINT; Schema: public; Owner: emmanuelramos
--

ALTER TABLE ONLY public.core_customuser_groups
    ADD CONSTRAINT core_customuser_grou_customuser_id_976bc4d7_fk_core_cust FOREIGN KEY (customuser_id) REFERENCES public.core_customuser(id_user) DEFERRABLE INITIALLY DEFERRED;


--
-- Name: core_customuser_groups core_customuser_groups_group_id_301aeff4_fk_auth_group_id; Type: FK CONSTRAINT; Schema: public; Owner: emmanuelramos
--

ALTER TABLE ONLY public.core_customuser_groups
    ADD CONSTRAINT core_customuser_groups_group_id_301aeff4_fk_auth_group_id FOREIGN KEY (group_id) REFERENCES public.auth_group(id) DEFERRABLE INITIALLY DEFERRED;


--
-- Name: core_customuser_user_permissions core_customuser_user_customuser_id_ebd2ce6c_fk_core_cust; Type: FK CONSTRAINT; Schema: public; Owner: emmanuelramos
--

ALTER TABLE ONLY public.core_customuser_user_permissions
    ADD CONSTRAINT core_customuser_user_customuser_id_ebd2ce6c_fk_core_cust FOREIGN KEY (customuser_id) REFERENCES public.core_customuser(id_user) DEFERRABLE INITIALLY DEFERRED;


--
-- Name: core_customuser_user_permissions core_customuser_user_permission_id_80ceaab9_fk_auth_perm; Type: FK CONSTRAINT; Schema: public; Owner: emmanuelramos
--

ALTER TABLE ONLY public.core_customuser_user_permissions
    ADD CONSTRAINT core_customuser_user_permission_id_80ceaab9_fk_auth_perm FOREIGN KEY (permission_id) REFERENCES public.auth_permission(id) DEFERRABLE INITIALLY DEFERRED;


--
-- Name: django_admin_log django_admin_log_content_type_id_c4bce8eb_fk_django_co; Type: FK CONSTRAINT; Schema: public; Owner: emmanuelramos
--

ALTER TABLE ONLY public.django_admin_log
    ADD CONSTRAINT django_admin_log_content_type_id_c4bce8eb_fk_django_co FOREIGN KEY (content_type_id) REFERENCES public.django_content_type(id) DEFERRABLE INITIALLY DEFERRED;


--
-- Name: django_admin_log django_admin_log_user_id_c564eba6_fk_core_customuser_id_user; Type: FK CONSTRAINT; Schema: public; Owner: emmanuelramos
--

ALTER TABLE ONLY public.django_admin_log
    ADD CONSTRAINT django_admin_log_user_id_c564eba6_fk_core_customuser_id_user FOREIGN KEY (user_id) REFERENCES public.core_customuser(id_user) DEFERRABLE INITIALLY DEFERRED;


--
-- Name: hospital_doctor hospital_doctor_department_id_d5506b9f_fk_hospital_; Type: FK CONSTRAINT; Schema: public; Owner: emmanuelramos
--

ALTER TABLE ONLY public.hospital_doctor
    ADD CONSTRAINT hospital_doctor_department_id_d5506b9f_fk_hospital_ FOREIGN KEY (department_id) REFERENCES public.hospital_department(department_id) DEFERRABLE INITIALLY DEFERRED;


--
-- Name: hospital_doctor hospital_doctor_specialization_id_72a6dff4_fk_hospital_; Type: FK CONSTRAINT; Schema: public; Owner: emmanuelramos
--

ALTER TABLE ONLY public.hospital_doctor
    ADD CONSTRAINT hospital_doctor_specialization_id_72a6dff4_fk_hospital_ FOREIGN KEY (specialization_id) REFERENCES public.hospital_specialization(specialization_id) DEFERRABLE INITIALLY DEFERRED;


--
-- Name: hospital_doctor hospital_doctor_user_id_fefadd71_fk_core_customuser_id_user; Type: FK CONSTRAINT; Schema: public; Owner: emmanuelramos
--

ALTER TABLE ONLY public.hospital_doctor
    ADD CONSTRAINT hospital_doctor_user_id_fefadd71_fk_core_customuser_id_user FOREIGN KEY (user_id) REFERENCES public.core_customuser(id_user) DEFERRABLE INITIALLY DEFERRED;


--
-- Name: hospital_hospital_services hospital_hospital_se_hospital_id_0d6067c7_fk_hospital_; Type: FK CONSTRAINT; Schema: public; Owner: emmanuelramos
--

ALTER TABLE ONLY public.hospital_hospital_services
    ADD CONSTRAINT hospital_hospital_se_hospital_id_0d6067c7_fk_hospital_ FOREIGN KEY (hospital_id) REFERENCES public.hospital_hospital(hospital_id) DEFERRABLE INITIALLY DEFERRED;


--
-- Name: hospital_hospital_services hospital_hospital_se_service_id_607b06f0_fk_hospital_; Type: FK CONSTRAINT; Schema: public; Owner: emmanuelramos
--

ALTER TABLE ONLY public.hospital_hospital_services
    ADD CONSTRAINT hospital_hospital_se_service_id_607b06f0_fk_hospital_ FOREIGN KEY (service_id) REFERENCES public.hospital_service(service_id) DEFERRABLE INITIALLY DEFERRED;


--
-- Name: patient_management_patient patient_management_p_department_id_76a4536b_fk_hospital_; Type: FK CONSTRAINT; Schema: public; Owner: emmanuelramos
--

ALTER TABLE ONLY public.patient_management_patient
    ADD CONSTRAINT patient_management_p_department_id_76a4536b_fk_hospital_ FOREIGN KEY (department_id) REFERENCES public.hospital_department(department_id) DEFERRABLE INITIALLY DEFERRED;


--
-- Name: patient_management_patient patient_management_p_user_id_7b0acc1f_fk_core_cust; Type: FK CONSTRAINT; Schema: public; Owner: emmanuelramos
--

ALTER TABLE ONLY public.patient_management_patient
    ADD CONSTRAINT patient_management_p_user_id_7b0acc1f_fk_core_cust FOREIGN KEY (user_id) REFERENCES public.core_customuser(id_user) DEFERRABLE INITIALLY DEFERRED;


--
-- PostgreSQL database dump complete
--

